<?xml version="1.0" encoding="UTF-8"?>
<metadata>
  <groupId>moe.shizuku.support</groupId>
  <artifactId>privileged-api</artifactId>
  <versioning>
    <release>23</release>
    <versions>
      <version>1.0</version>
      <version>0.1.5</version>
      <version>0.1.6</version>
      <version>0.1.7</version>
      <version>0.1.9</version>
      <version>0.2.0</version>
      <version>0.2.3</version>
      <version>0.2.5</version>
      <version>23</version>
    </versions>
    <lastUpdated>20170615125126</lastUpdated>
  </versioning>
</metadata>
